name,maxplayers,minage,minplayers,minplaytime,playtime,yearpublished,average,weightaverage,position,usersrated,langdep,mActionMovementProgramming,mActionPointAllowanceSystem,mAreaControlAreaInfluence,mAreaEnclosure,mAreaMovement,mAreaImpulse,mCampaignBattleCardDriven,mCardDrafting,mChitPullSystem,mDeckPoolBuilding,mDiceRolling,mGridMovement,mHandManagement,mHexAndCounter,mLineDrawing,mBusiness,mCoOp,mPatternGames,mRouteGames,mSocial,mMemory,mModularBoard,mPaperAndPencil,mPickUpAndDeliver,mPlayerElimination,mPointToPointMovement,mPressYourLuck,mRockPaperScissors,mRollSpinAndMove,mSecretUnitDeployment,mSetCollection,mSimulation,mSimultaneousActionSelection,mTilePlacement,mTrading,mVariablePhaseOrder,mVariablePlayerPowers,mVoting,mWorkerPlacement,newStr40,cAbstractStrategy,cActionDexterity,cAdventure,cBook,cBuilding,cCardGame,cChildrensGame,cCollecting,cCrime,cDice,cEconomic,cEducational,cElectronic,cEntertainment,cExploration,cFantasy,cFighting,cHistory,cHorror,cHumor,cIntelligence,cMatureAdult,cMythsAndReligions,cNature,cOthers,cPartyGame,cPrintAndPlay,cRealtime,cScifi,cSocial,cSociety,cSports,cTransportation,cWar,cWordGame
Tigris & Euphrates,4,12,2,90,90,1997,7.72379,3.5309,57,20166,0.25,"Area Control / Area Influence,Hand Management,Set Collection,Tile Placement",0,0,1,0,0,0,0,0,0,0,0,0,1,0,0,0,0,0,0,0,0,0,0,0,0,0,0,0,0,0,1,0,0,1,0,0,0,0,0,1,0,0,0,1,0,0,0,0,0,0,0,0,0,0,0,0,1,0,0,0,0,0,0,0,0,0,0,0,0,1,0,0,0,0
Paths of Glory,2,14,2,480,480,1999,8.02578,3.8057,83,3596,1,"Campaign / Battle Card Driven,Dice Rolling,Point to Point Movement",0,0,0,0,0,0,1,0,0,0,1,0,0,0,0,0,0,0,0,0,0,0,0,0,0,1,0,0,0,0,0,0,0,0,0,0,0,0,0,0,0,0,0,0,0,0,0,0,0,0,0,0,0,0,0,0,0,0,0,0,0,0,0,0,0,0,0,0,0,0,0,0,1,0
Hannibal: Rome vs. Carthage,2,12,2,40,200,1996,7.82769,3.4154,109,4305,1,"Area Control / Area Influence,Campaign / Battle Card Driven,Dice Rolling,Point to Point Movement,Simulation",0,0,1,0,0,0,1,0,0,0,1,0,0,0,0,0,0,0,0,0,0,0,0,0,0,1,0,0,0,0,0,1,0,0,0,0,0,0,0,0,0,0,0,0,0,0,0,0,0,0,0,0,0,0,0,0,1,0,0,0,0,0,0,0,0,0,0,0,0,1,0,0,1,0
Advanced Squad Leader,2,14,2,120,480,1985,7.93771,4.6906,165,2938,1,"M:Business,Dice Rolling,Hex-and-Counter,Modular Board,Press Your Luck,Secret Unit Deployment,Simulation,Time Track,Variable Player Powers",0,0,0,0,0,0,0,0,0,0,1,0,0,1,0,1,0,0,0,0,0,1,0,0,0,0,1,0,0,1,0,1,0,0,0,0,1,0,0,0,0,0,0,0,0,0,0,0,0,0,0,0,0,0,0,0,0,0,0,0,0,0,0,0,0,0,0,0,0,0,0,0,1,0
1830: Railways & Robber Barons,7,14,2,180,360,1986,7.80835,4.1547,144,3356,0.5,"M:Business,M:Route Games,M:Business,Tile Placement",0,0,0,0,0,0,0,0,0,0,0,0,0,0,0,1,0,0,1,0,0,0,0,0,0,0,0,0,0,0,0,0,0,1,0,0,0,0,0,0,0,0,0,0,0,0,0,0,0,1,0,0,0,0,0,0,0,0,0,0,0,0,0,0,0,0,0,0,0,0,0,1,0,0
Crokinole,4,8,2,30,30,1876,7.80995,1.2871,65,7650,0.25,"M:Co-op",0,0,0,0,0,0,0,0,0,0,0,0,0,0,0,0,1,0,0,0,0,0,0,0,0,0,0,0,0,0,0,0,0,0,0,0,0,0,0,0,1,0,0,0,0,0,0,0,0,0,0,0,0,0,0,0,0,0,0,0,0,0,0,0,0,0,0,0,0,0,0,0,0,0
Roads & Boats,4,14,1,240,240,1999,7.76255,4.195,213,2485,0.25,"Grid Movement,Line Drawing,Modular Board,Pick-up and Deliver,M:Route Games",0,0,0,0,0,0,0,0,0,0,0,1,0,0,1,0,0,0,1,0,0,1,0,1,0,0,0,0,0,0,0,0,0,0,0,0,0,0,0,0,0,0,0,1,0,0,0,0,0,1,0,0,0,0,0,0,0,0,0,0,0,0,0,0,0,0,0,0,0,1,0,1,0,0
Sherlock Holmes Consulting Detective: The Thames Murders & Other Cases,8,10,1,60,120,1981,7.85038,2.7661,56,9042,0,"M:Co-op,M:Social",0,0,0,0,0,0,0,0,0,0,0,0,0,0,0,0,1,0,0,1,0,0,0,0,0,0,0,0,0,0,0,0,0,0,0,0,0,0,0,0,0,0,0,0,0,0,0,1,0,0,0,0,1,0,0,0,1,0,0,1,0,0,0,0,0,0,0,0,0,0,0,0,0,0
Power Grid,6,12,2,120,120,2004,7.94499,3.2867,19,42036,0.25,"M:Business,M:Route Games",0,0,0,0,0,0,0,0,0,0,0,0,0,0,0,1,0,0,1,0,0,0,0,0,0,0,0,0,0,0,0,0,0,0,0,0,0,0,0,0,0,0,0,0,0,0,0,0,0,1,0,0,0,0,0,0,0,0,0,0,0,0,0,0,0,0,0,0,0,0,0,0,0,0
Age of Steam,6,13,1,120,120,2002,7.70167,3.9297,95,6718,0.5,"M:Business,Dice Rolling,Player Elimination,M:Route Games,Tile Placement",0,0,0,0,0,0,0,0,0,0,1,0,0,0,0,1,0,0,1,0,0,0,0,0,1,0,0,0,0,0,0,0,0,1,0,0,0,0,0,0,0,0,0,0,0,0,0,0,0,1,0,0,0,0,0,0,0,0,0,0,0,0,0,0,0,0,0,0,0,0,0,1,0,0
Twilight Struggle,2,13,2,180,180,2005,8.35801,3.53,3,27008,1,"Area Control / Area Influence,Campaign / Battle Card Driven,Dice Rolling,Hand Management,Simultaneous Action Selection",0,0,1,0,0,0,1,0,0,0,1,0,1,0,0,0,0,0,0,0,0,0,0,0,0,0,0,0,0,0,0,0,1,0,0,0,0,0,0,0,0,0,0,0,0,0,0,0,0,0,0,0,0,0,0,0,0,0,0,0,0,0,0,0,0,0,0,0,0,1,0,0,1,0
Twilight Imperium (Third Edition),6,12,3,180,300,2005,7.92399,4.226,42,14996,1,"Action Point Allowance System,Area-Impulse,Dice Rolling,Hex-and-Counter,Modular Board,Trading,Variable Phase Order,Variable Player Powers,Voting",0,1,0,0,0,1,0,0,0,0,1,0,0,1,0,0,0,0,0,0,0,1,0,0,0,0,0,0,0,0,0,0,0,0,1,1,1,1,0,0,0,0,0,0,0,0,0,0,0,0,0,0,0,0,0,0,0,0,0,0,0,0,0,0,0,0,0,1,1,1,0,0,1,0
Commands & Colors: Ancients,2,12,2,60,60,2006,7.79745,2.691,79,6820,0.75,"Campaign / Battle Card Driven,Dice Rolling,Hand Management,Hex-and-Counter,Modular Board",0,0,0,0,0,0,1,0,0,0,1,0,1,1,0,0,0,0,0,0,0,1,0,0,0,0,0,0,0,0,0,0,0,0,0,0,0,0,0,0,0,0,0,0,0,0,0,0,0,0,0,0,0,0,0,0,1,0,0,0,0,0,0,0,0,0,0,0,0,0,0,0,1,0
Blood Bowl: Living Rulebook,2,12,2,120,120,2004,7.87686,3.1468,154,3007,0.75,"Dice Rolling,Grid Movement,Variable Player Powers",0,0,0,0,0,0,0,0,0,0,1,1,0,0,0,0,0,0,0,0,0,0,0,0,0,0,0,0,0,0,0,0,0,0,0,0,1,0,0,0,0,0,0,0,0,0,1,0,0,0,0,0,0,0,1,1,0,0,0,0,0,0,0,0,0,0,0,0,0,0,1,0,0,0
Railways of the World,6,10,2,120,120,2005,7.7052,3.0293,81,9419,0.75,"Action Point Allowance System,M:Business,Card Drafting,Pick-up and Deliver,M:Route Games,Tile Placement",0,1,0,0,0,0,0,1,0,0,0,0,0,0,0,1,0,0,1,0,0,0,0,1,0,0,0,0,0,0,0,0,0,1,0,0,0,0,0,0,0,0,0,0,0,0,0,0,0,0,0,0,1,0,0,0,0,0,0,0,0,0,0,0,0,0,0,0,0,0,0,1,0,0
Here I Stand,6,12,2,360,360,2006,7.94093,4.1329,132,2905,1,"Campaign / Battle Card Driven,Dice Rolling,Hand Management,Point to Point Movement,Variable Player Powers",0,0,0,0,0,0,1,0,0,0,1,0,1,0,0,0,0,0,0,0,0,0,0,0,0,1,0,0,0,0,0,0,0,0,0,0,1,0,0,0,0,0,0,0,0,0,0,0,0,0,0,0,0,0,0,0,1,0,0,0,0,1,0,0,0,0,0,0,1,1,0,0,1,0
Caylus,5,12,2,60,150,2005,7.86152,3.821,38,21806,0.25,"Worker Placement",0,0,0,0,0,0,0,0,0,0,0,0,0,0,0,0,0,0,0,0,0,0,0,0,0,0,0,0,0,0,0,0,0,0,0,0,0,0,1,0,0,0,0,1,0,0,0,0,0,1,0,0,0,0,0,0,1,0,0,0,0,0,0,0,0,0,0,0,0,0,0,0,0,0
Indonesia,5,14,2,180,240,2005,7.7649,3.9943,194,2671,0.5,"Area Control / Area Influence,M:Business,Pick-up and Deliver,M:Business",0,0,1,0,0,0,0,0,0,0,0,0,0,0,0,1,0,0,0,0,0,0,0,1,0,0,0,0,0,0,0,0,0,0,0,0,0,0,0,0,0,0,0,0,0,0,0,0,0,1,0,0,0,0,0,0,0,0,0,0,0,0,0,0,0,0,0,0,0,0,0,1,0,0
Combat Commander: Europe,2,12,2,60,180,2006,7.92139,3.201,86,4352,1,"Campaign / Battle Card Driven,Hex-and-Counter,Simulation,Variable Phase Order",0,0,0,0,0,0,1,0,0,0,0,0,0,1,0,0,0,0,0,0,0,0,0,0,0,0,0,0,0,0,0,1,0,0,0,1,0,0,0,0,0,0,0,0,0,0,0,0,0,0,0,0,0,0,0,0,0,0,0,0,0,0,0,0,0,0,0,0,0,0,0,0,1,0
Sekigahara: The Unification of Japan,2,12,2,180,180,2011,8.06914,2.7256,136,2273,0.25,"Hand Management,Point to Point Movement,Secret Unit Deployment",0,0,0,0,0,0,0,0,0,0,0,0,1,0,0,0,0,0,0,0,0,0,0,0,0,1,0,0,0,1,0,0,0,0,0,0,0,0,0,0,0,0,0,0,0,0,0,0,0,0,0,0,0,0,0,0,1,0,0,0,0,0,0,0,0,0,0,0,0,0,0,0,1,0
Through the Ages: A Story of Civilization,4,12,2,240,240,2006,8.09024,4.1702,17,15337,1,"Action Point Allowance System,M:Business,Card Drafting,Hand Management",0,1,0,0,0,0,0,1,0,0,0,0,1,0,0,1,0,0,0,0,0,0,0,0,0,0,0,0,0,0,0,0,0,0,0,0,0,0,0,0,0,0,0,1,0,0,0,0,0,1,0,0,0,0,0,0,0,0,0,0,0,0,0,0,0,0,0,0,0,1,0,0,0,0
Race for the Galaxy,4,12,2,30,60,2007,7.77137,2.9713,48,34242,0.5,"Hand Management,Simultaneous Action Selection,Variable Phase Order,Variable Player Powers",0,0,0,0,0,0,0,0,0,0,0,0,1,0,0,0,0,0,0,0,0,0,0,0,0,0,0,0,0,0,0,0,1,0,0,1,1,0,0,0,0,0,0,0,1,0,0,0,0,1,0,0,0,0,0,0,0,0,0,0,0,0,0,0,0,0,0,1,0,1,0,0,0,0
Brass: Lancashire,4,14,2,120,180,2007,8.00918,3.8744,28,10659,0.25,"Hand Management,M:Route Games",0,0,0,0,0,0,0,0,0,0,0,0,1,0,0,0,0,0,1,0,0,0,0,0,0,0,0,0,0,0,0,0,0,0,0,0,0,0,0,0,0,0,0,0,0,0,0,0,0,1,0,0,0,0,0,0,0,0,0,0,0,0,0,0,0,0,0,0,0,0,0,1,0,0
Agricola,5,12,1,30,150,2007,8.05581,3.6313,13,48261,1,"Card Drafting,Hand Management,Variable Player Powers,Worker Placement",0,0,0,0,0,0,0,1,0,0,0,0,1,0,0,0,0,0,0,0,0,0,0,0,0,0,0,0,0,0,0,0,0,0,0,0,1,0,1,0,0,0,0,0,0,0,0,0,0,1,0,0,0,0,0,0,0,0,0,0,0,0,1,0,0,0,0,0,0,0,0,0,0,0
Le Havre,5,12,1,30,150,2008,7.93096,3.7603,27,18934,0.75,"Worker Placement",0,0,0,0,0,0,0,0,0,0,0,0,0,0,0,0,0,0,0,0,0,0,0,0,0,0,0,0,0,0,0,0,0,0,0,0,0,0,1,0,0,0,0,1,0,0,0,0,0,1,0,0,0,0,0,0,0,0,0,0,0,0,0,0,0,0,0,0,0,0,0,1,0,0
Battlestar Galactica,6,10,3,120,300,2008,7.77466,3.2289,53,25372,1,"Area Movement,M:Co-op,Dice Rolling,Hand Management,M:Co-op,M:Social,Variable Player Powers",0,0,0,0,1,0,0,0,0,0,1,0,1,0,0,0,1,0,0,1,0,0,0,0,0,0,0,0,0,0,0,0,0,0,0,0,1,0,0,0,0,0,0,0,0,0,0,1,0,0,0,0,1,0,0,0,0,0,0,1,0,0,0,0,0,0,0,1,1,1,0,0,0,0
Clash of Cultures,4,14,2,180,240,2012,7.7,3.5635,161,3932,1,"Action Point Allowance System,Dice Rolling,Grid Movement,Hand Management,Modular Board,Trading,Variable Player Powers",0,1,0,0,0,0,0,0,0,0,1,1,1,0,0,0,0,0,0,0,0,1,0,0,0,0,0,0,0,0,0,0,0,0,1,0,1,0,0,0,0,0,0,1,0,0,0,0,0,1,0,0,0,1,0,0,1,0,0,0,0,0,0,0,0,0,0,0,0,1,0,0,0,0
Dominion: Intrigue,4,13,2,30,30,2009,7.79419,2.4437,51,23156,0.75,"Card Drafting,Deck / Pool Building,Hand Management",0,0,0,0,0,0,0,1,0,1,0,0,1,0,0,0,0,0,0,0,0,0,0,0,0,0,0,0,0,0,0,0,0,0,0,0,0,0,0,0,0,0,0,0,1,0,0,0,0,0,0,0,0,0,0,0,1,0,0,0,0,0,0,0,0,0,0,0,0,0,0,0,0,0
Imperial 2030,6,12,2,120,120,2009,7.73951,3.5034,143,3988,0.25,"Area Control / Area Influence,Area Movement,M:Business",0,0,1,0,1,0,0,0,0,0,0,0,0,0,0,1,0,0,0,0,0,0,0,0,0,0,0,0,0,0,0,0,0,0,0,0,0,0,0,0,0,0,0,0,0,0,0,0,0,1,0,0,0,0,0,1,0,0,0,0,0,0,0,0,0,0,0,0,0,1,0,1,0,0
Dominant Species,6,14,2,120,240,2010,7.86573,4.0275,44,12918,0.75,"Area Control / Area Influence,Card Drafting,Grid Movement,Modular Board,Tile Placement,Variable Player Powers,Worker Placement",0,0,1,0,0,0,0,1,0,0,0,1,0,0,0,0,0,0,0,0,0,1,0,0,0,0,0,0,0,0,0,0,0,1,0,0,1,0,1,0,0,0,0,0,0,0,0,0,0,0,0,0,0,0,0,0,1,0,0,0,0,0,1,0,0,0,0,0,0,0,0,0,0,0
7 Wonders,7,10,2,30,30,2010,7.83595,2.3444,37,51688,0.25,"Card Drafting,Hand Management,Set Collection,Simultaneous Action Selection,Variable Player Powers",0,0,0,0,0,0,0,1,0,0,0,0,1,0,0,0,0,0,0,0,0,0,0,0,0,0,0,0,0,0,1,0,1,0,0,0,1,0,0,0,0,0,0,1,1,0,0,0,0,0,0,0,0,0,0,0,1,0,0,0,0,0,0,0,0,0,0,0,0,1,0,0,0,0
Ora et Labora,4,13,1,60,180,2011,7.78424,3.8915,75,7516,0.5,"Modular Board,M:Pattern Games,Set Collection,Tile Placement,Worker Placement",0,0,0,0,0,0,0,0,0,0,0,0,0,0,0,0,0,1,0,0,0,1,0,0,0,0,0,0,0,0,1,0,0,1,0,0,0,0,1,0,0,0,0,1,0,0,0,0,0,1,0,0,0,0,0,0,1,0,0,0,0,1,0,0,0,0,0,0,0,0,0,0,0,0
Eclipse,6,14,2,60,200,2011,8.01311,3.679,20,20285,0.25,"Area Control / Area Influence,Dice Rolling,Grid Movement,Modular Board,Player Elimination,Tile Placement,Variable Phase Order,Variable Player Powers",0,0,1,0,0,0,0,0,0,0,1,1,0,0,0,0,0,0,0,0,0,1,0,0,1,0,0,0,0,0,0,0,0,1,0,1,1,0,0,0,0,0,0,0,0,0,0,0,0,0,0,0,0,0,0,1,0,0,0,0,0,0,0,0,0,0,0,1,0,1,0,0,1,0
Earth Reborn,4,13,2,180,180,2010,7.77709,3.8603,206,2861,0.25,"Action Point Allowance System,Card Drafting,Dice Rolling,Grid Movement,Hand Management,Modular Board,Secret Unit Deployment",0,1,0,0,0,0,0,1,0,0,1,1,1,0,0,0,0,0,0,0,0,1,0,0,0,0,0,0,0,1,0,0,0,0,0,0,0,0,0,0,0,1,0,0,0,0,1,1,0,0,0,0,0,0,0,1,0,1,0,0,0,0,0,0,0,0,0,1,1,0,0,0,0,0
Troyes,4,12,1,90,90,2010,7.75823,3.4667,62,11200,0.25,"Area Control / Area Influence,Dice Rolling,Worker Placement",0,0,1,0,0,0,0,0,0,0,1,0,0,0,0,0,0,0,0,0,0,0,0,0,0,0,0,0,0,0,0,0,0,0,0,0,0,0,1,0,0,0,0,0,0,0,0,0,1,1,0,0,0,0,0,0,1,0,0,0,0,0,0,0,0,0,0,0,0,0,0,0,0,0
Xia: Legends of a Drift System,5,12,3,60,180,2014,7.81834,3.1096,172,3239,0.75,"Action Point Allowance System,Dice Rolling,Grid Movement,Modular Board,Pick-up and Deliver,Roll / Spin and Move,Tile Placement,Variable Player Powers",0,1,0,0,0,0,0,0,0,0,1,1,0,0,0,0,0,0,0,0,0,1,0,1,0,0,0,0,1,0,0,0,0,1,0,0,1,0,0,0,0,1,0,0,0,0,1,0,0,0,0,0,0,1,0,1,0,0,0,0,0,0,0,0,0,0,0,1,0,0,0,1,0,0
The Castles of Burgundy,4,12,2,30,90,2011,8.11212,3.0383,11,24876,0.25,"Dice Rolling,Set Collection,Tile Placement,Variable Phase Order",0,0,0,0,0,0,0,0,0,0,1,0,0,0,0,0,0,0,0,0,0,0,0,0,0,0,0,0,0,0,1,0,0,1,0,1,0,0,0,0,0,0,0,1,0,0,0,0,1,0,0,0,0,0,0,0,1,0,0,0,0,0,0,0,0,0,0,0,0,0,0,0,0,0
Mage Knight Board Game,4,14,1,150,150,2011,8.13794,4.2055,15,18160,1,"Card Drafting,M:Co-op,Deck / Pool Building,Dice Rolling,Grid Movement,Hand Management,Modular Board,M:Social,Tile Placement,Variable Player Powers",0,0,0,0,0,0,0,1,0,1,1,1,1,0,0,0,1,0,0,1,0,1,0,0,0,0,0,0,0,0,0,0,0,1,0,0,1,0,0,0,0,1,0,0,0,0,0,0,0,0,0,0,0,1,1,1,0,0,0,0,0,0,0,0,0,0,0,0,0,0,0,0,0,0
Mage Wars Arena,2,13,2,90,90,2012,7.8174,3.6292,101,6002,1,"Dice Rolling,Grid Movement,Simultaneous Action Selection,Variable Player Powers",0,0,0,0,0,0,0,0,0,0,1,1,0,0,0,0,0,0,0,0,0,0,0,0,0,0,0,0,0,0,0,0,1,0,0,0,1,0,0,0,0,0,0,0,1,0,0,0,0,0,0,0,0,0,1,1,0,0,0,0,0,0,0,0,0,0,0,0,0,0,0,0,0,0
Trajan,4,12,2,60,120,2011,7.81433,3.6737,58,9632,0.25,"Area Movement,Card Drafting,Hand Management,Set Collection",0,0,0,0,1,0,0,1,0,0,0,0,1,0,0,0,0,0,0,0,0,0,0,0,0,0,0,0,0,0,1,0,0,0,0,0,0,0,0,0,0,0,0,0,0,0,0,0,0,0,0,0,0,0,0,0,1,0,0,0,0,0,0,0,0,0,0,0,0,1,0,0,0,0
Caverna: The Cave Farmers,7,12,1,30,210,2013,8.18155,3.7886,10,16798,0.75,"Tile Placement,Worker Placement",0,0,0,0,0,0,0,0,0,0,0,0,0,0,0,0,0,0,0,0,0,0,0,0,0,0,0,0,0,0,0,0,0,1,0,0,0,0,1,0,0,0,0,0,0,0,0,0,0,1,0,0,0,0,1,0,0,0,0,0,0,0,1,0,0,0,0,0,0,0,0,0,0,0
A Game of Thrones: The Board Game (Second Edition),6,14,3,120,240,2011,7.74,3.6431,70,17718,0.5,"Area Control / Area Influence,Area Movement,M:Business,Hand Management,Player Elimination,Simultaneous Action Selection,Variable Player Powers",0,0,1,0,1,0,0,0,0,0,0,0,1,0,0,1,0,0,0,0,0,0,0,0,1,0,0,0,0,0,0,0,1,0,0,0,1,0,0,0,0,0,0,0,0,0,0,0,0,0,0,0,1,0,1,0,0,0,0,0,0,0,0,0,0,0,0,0,1,1,0,0,1,0
Star Wars: X-Wing Miniatures Game,2,14,2,30,45,2012,7.8786,2.4697,52,16772,0.75,"Action / Movement Programming,Dice Rolling,Player Elimination,Simultaneous Action Selection,Variable Player Powers",1,0,0,0,0,0,0,0,0,0,1,0,0,0,0,0,0,0,0,0,0,0,0,0,1,0,0,0,0,0,0,0,1,0,0,0,1,0,0,0,0,0,0,0,0,0,1,0,0,0,0,0,1,0,0,0,0,0,0,0,0,0,0,0,0,0,0,1,1,0,0,0,1,0
Descent: Journeys in the Dark (Second Edition),5,14,2,120,120,2012,7.79832,3.1901,65,14520,1,"Action Point Allowance System,Dice Rolling,Grid Movement,Hand Management,Modular Board,M:Co-op,Variable Player Powers",0,1,0,0,0,0,0,0,0,0,1,1,1,0,0,0,1,0,0,0,0,1,0,0,0,0,0,0,0,0,0,0,0,0,0,0,1,0,0,0,0,1,0,0,0,0,1,0,0,0,0,0,0,1,1,1,0,0,0,0,0,0,0,0,0,0,0,0,0,0,0,0,0,0
Kanban: Automotive Revolution,4,12,2,90,120,2014,7.79665,4.2852,189,2790,0.25,"Action Point Allowance System,M:Business,Variable Phase Order,Worker Placement",0,1,0,0,0,0,0,0,0,0,0,0,0,0,0,1,0,0,0,0,0,0,0,0,0,0,0,0,0,0,0,0,0,0,0,1,0,0,1,0,0,0,0,0,0,0,0,0,0,1,0,0,0,0,0,0,0,0,0,0,0,0,0,0,0,0,0,0,0,0,0,0,0,0
Lords of Waterdeep,5,12,2,60,120,2012,7.79639,2.504,47,28912,0.75,"Set Collection,Take That,Worker Placement",0,0,0,0,0,0,0,0,0,0,0,0,0,0,0,0,0,0,0,0,0,0,0,0,0,0,0,0,0,0,1,0,0,0,0,0,0,0,1,0,0,0,0,1,0,0,0,0,0,0,0,0,0,0,1,0,0,0,0,0,0,0,0,0,0,0,0,0,0,0,0,0,0,0
War of the Ring (Second Edition),4,13,2,150,180,2012,8.38424,3.9949,14,6312,1,"Area Control / Area Influence,Area Movement,Campaign / Battle Card Driven,Dice Rolling,Hand Management",0,0,1,0,1,0,1,0,0,0,1,0,1,0,0,0,0,0,0,0,0,0,0,0,0,0,0,0,0,0,0,0,0,0,0,0,0,0,0,0,0,1,0,1,0,0,1,0,1,0,0,0,1,0,1,0,0,0,0,0,0,0,0,0,0,0,0,0,0,0,0,0,0,0
Robinson Crusoe: Adventures on the Cursed Island,4,14,1,90,180,2012,8.01707,3.6942,22,17999,1,"Action / Movement Programming,M:Co-op,Dice Rolling,Modular Board,Simultaneous Action Selection,M:Social,Tile Placement,Variable Player Powers,Worker Placement",1,0,0,0,0,0,0,0,0,0,1,0,0,0,0,0,1,0,0,1,0,1,0,0,0,0,0,0,0,0,0,0,1,1,0,0,1,0,1,0,0,1,0,0,0,0,0,0,0,0,0,0,1,1,0,1,0,0,0,0,0,0,0,0,0,0,0,0,0,0,0,0,0,0
Keyflower,6,12,2,90,120,2012,7.94075,3.3378,36,11717,0.25,"M:Business,Memory,Modular Board,Pick-up and Deliver,M:Route Games,Set Collection,Tile Placement,Worker Placement",0,0,0,0,0,0,0,0,0,0,0,0,0,0,0,1,0,0,1,0,1,1,0,1,0,0,0,0,0,0,1,0,0,1,0,0,0,0,1,0,0,0,0,1,0,0,0,0,0,1,0,0,0,0,0,0,1,0,0,0,0,0,0,0,0,0,0,0,0,0,0,1,0,0
Concordia,5,13,2,100,100,2013,7.97904,3.1385,35,9947,0.75,"Card Drafting,Deck / Pool Building,Hand Management,Point to Point Movement",0,0,0,0,0,0,0,1,0,1,0,0,1,0,0,0,0,0,0,0,0,0,0,0,0,1,0,0,0,0,0,0,0,0,0,0,0,0,0,0,0,0,0,0,0,0,0,0,0,1,0,0,0,0,0,0,1,0,0,0,0,0,0,0,0,0,0,0,0,0,0,1,0,0
Android: Netrunner,2,14,2,45,45,2012,8.0044,3.3448,24,20271,1,"Action Point Allowance System,Hand Management,Secret Unit Deployment,Variable Player Powers",0,1,0,0,0,0,0,0,0,0,0,0,1,0,0,0,0,0,0,0,0,0,0,0,0,0,0,0,0,1,0,0,0,0,0,0,1,0,0,0,0,0,0,0,1,0,1,0,0,0,0,0,0,0,0,0,0,0,0,0,0,0,0,0,0,0,0,1,1,0,0,0,0,0
The Gallerist,4,13,1,60,150,2015,8.06013,4.2621,76,3630,0.25,"M:Business,Set Collection,Worker Placement",0,0,0,0,0,0,0,0,0,0,0,0,0,0,0,1,0,0,0,0,0,0,0,0,0,0,0,0,0,0,1,0,0,0,0,0,0,0,1,0,0,0,0,0,0,0,0,0,0,1,0,0,0,0,0,0,0,0,0,0,0,0,0,0,0,0,0,0,0,0,0,0,0,0
Nations,5,14,1,40,200,2013,7.76236,3.5328,77,8125,0.75,"Card Drafting,Variable Player Powers",0,0,0,0,0,0,0,1,0,0,0,0,0,0,0,0,0,0,0,0,0,0,0,0,0,0,0,0,0,0,0,0,0,0,0,0,1,0,0,0,0,0,0,0,1,0,0,0,0,1,0,0,0,0,0,0,0,0,0,0,0,0,0,0,0,0,0,0,0,1,0,0,0,0
Tzolk'in: The Mayan Calendar,4,13,2,90,90,2012,7.94181,3.613,32,17762,0.25,"Set Collection,Worker Placement",0,0,0,0,0,0,0,0,0,0,0,0,0,0,0,0,0,0,0,0,0,0,0,0,0,0,0,0,0,0,1,0,0,0,0,0,0,0,1,0,0,0,0,0,0,0,0,0,0,1,0,0,0,0,0,0,1,0,0,0,0,1,1,0,0,0,0,0,0,1,0,0,0,0
Kemet,5,13,2,90,120,2012,7.77456,2.9771,72,9205,0.25,"Action Point Allowance System,Area Control / Area Influence,Area Movement,Card Drafting,Hand Management",0,1,1,0,1,0,0,1,0,0,0,0,1,0,0,0,0,0,0,0,0,0,0,0,0,0,0,0,0,0,0,0,0,0,0,0,0,0,0,0,0,0,0,0,0,0,1,0,0,0,0,0,0,0,0,1,1,0,0,0,0,1,0,0,0,0,0,0,0,0,0,0,0,0
The Resistance: Avalon,10,13,5,30,30,2012,7.72088,1.7795,68,15896,0.5,"Memory,M:Co-op,Simultaneous Action Selection,Variable Player Powers,Voting",0,0,0,0,0,0,0,0,0,0,0,0,0,0,0,0,1,0,0,0,1,0,0,0,0,0,0,0,0,0,0,0,1,0,0,0,1,1,0,0,0,0,0,0,1,0,0,0,0,0,0,0,0,0,1,0,1,0,0,1,0,0,0,0,1,0,0,0,1,0,0,0,0,0
1775: Rebellion,4,10,2,60,120,2013,7.82583,2.2974,219,2365,0.5,"Area Movement,Campaign / Battle Card Driven,Dice Rolling,M:Co-op,Variable Player Powers",0,0,0,0,1,0,1,0,0,0,1,0,0,0,0,0,1,0,0,0,0,0,0,0,0,0,0,0,0,0,0,0,0,0,0,0,1,0,0,0,0,0,0,0,0,0,0,0,0,0,1,0,0,0,0,0,1,0,0,0,0,0,0,0,0,0,0,0,0,0,0,0,1,0
Roll for the Galaxy,5,13,2,45,45,2014,7.85096,2.7593,45,14158,0.75,"Deck / Pool Building,Dice Rolling,Simultaneous Action Selection,Variable Phase Order,Variable Player Powers,Worker Placement",0,0,0,0,0,0,0,0,0,1,1,0,0,0,0,0,0,0,0,0,0,0,0,0,0,0,0,0,0,0,0,0,1,0,0,1,1,0,1,0,0,0,0,0,0,0,0,0,1,1,0,0,0,0,0,0,0,0,0,0,0,0,0,0,0,0,0,1,0,1,0,0,0,0
Russian Railroads,4,12,2,90,120,2013,7.82498,3.4113,59,8889,0.25,"Worker Placement",0,0,0,0,0,0,0,0,0,0,0,0,0,0,0,0,0,0,0,0,0,0,0,0,0,0,0,0,0,0,0,0,0,0,0,0,0,0,1,0,0,0,0,0,0,0,0,0,0,1,0,0,0,0,0,0,0,0,0,0,0,0,0,0,0,0,0,0,0,0,0,1,0,0
Eldritch Horror,8,14,1,120,240,2013,7.94433,3.3075,41,16196,1,"M:Co-op,Dice Rolling,Point to Point Movement,Variable Player Powers",0,0,0,0,0,0,0,0,0,0,1,0,0,0,0,0,1,0,0,0,0,0,0,0,0,1,0,0,0,0,0,0,0,0,0,0,1,0,0,0,0,1,0,0,0,0,0,0,0,0,0,0,1,0,1,1,0,1,0,0,0,0,0,0,0,0,0,0,0,0,0,0,0,0
BattleLore (Second Edition),2,14,2,45,90,2013,7.94243,2.7805,118,3491,0.75,"Campaign / Battle Card Driven,Dice Rolling,Grid Movement,Modular Board,Variable Player Powers",0,0,0,0,0,0,1,0,0,0,1,1,0,0,0,0,0,0,0,0,0,1,0,0,0,0,0,0,0,0,0,0,0,0,0,0,1,0,0,0,0,0,0,0,0,0,1,0,1,0,0,0,0,0,1,0,0,0,0,0,0,0,0,0,0,0,0,0,0,0,0,0,1,0
T.I.M.E Stories,4,12,2,90,90,2015,8.05386,2.6632,31,10214,0,"M:Co-op,Dice Rolling,M:Social,M:Social,Time Track,Variable Player Powers,Voting",0,0,0,0,0,0,0,0,0,0,1,0,0,0,0,0,1,0,0,1,0,0,0,0,0,0,0,0,0,0,0,0,0,0,0,0,1,1,0,0,0,1,0,0,0,0,0,0,0,0,0,0,0,0,0,0,1,0,0,0,1,0,0,0,0,0,0,1,0,0,0,0,0,0
Legendary Encounters: An Alien Deck Building Game,5,17,1,45,45,2014,7.86759,2.7097,74,6402,0.75,"Card Drafting,M:Co-op,Deck / Pool Building,Player Elimination,Variable Player Powers",0,0,0,0,0,0,0,1,0,1,0,0,0,0,0,0,1,0,0,0,0,0,0,0,1,0,0,0,0,0,0,0,0,0,0,0,1,0,0,0,0,0,0,0,1,0,0,0,0,0,0,0,1,0,0,0,0,1,0,0,0,0,0,0,0,0,0,1,0,0,0,0,0,0
La Granja,4,12,1,90,120,2014,7.80601,3.5763,96,4775,0.75,"Area Control / Area Influence,Dice Rolling,Hand Management,Simultaneous Action Selection,Variable Player Powers,Worker Placement",0,0,1,0,0,0,0,0,0,0,1,0,1,0,0,0,0,0,0,0,0,0,0,0,0,0,0,0,0,0,0,0,1,0,0,0,1,0,1,0,0,0,0,0,0,0,0,0,0,1,0,0,0,0,0,0,0,0,0,0,0,0,1,0,0,0,0,0,0,0,0,0,0,0
Arcadia Quest,4,13,2,60,60,2014,8.00422,2.5511,69,4934,0.75,"Dice Rolling,Grid Movement,Modular Board,Variable Player Powers",0,0,0,0,0,0,0,0,0,0,1,1,0,0,0,0,0,0,0,0,0,1,0,0,0,0,0,0,0,0,0,0,0,0,0,0,1,0,0,0,0,1,0,0,0,0,1,0,0,0,0,0,0,0,1,1,0,0,0,0,0,0,0,0,0,0,0,0,0,0,0,0,0,0
Castles of Mad King Ludwig,4,13,1,90,90,2014,7.74079,2.6545,63,13140,0.5,"Card Drafting,M:Pattern Games,Set Collection,Tile Placement",0,0,0,0,0,0,0,1,0,0,0,0,0,0,0,0,0,1,0,0,0,0,0,0,0,0,0,0,0,0,1,0,0,1,0,0,0,0,0,0,0,0,0,0,0,0,0,0,0,0,0,0,0,0,0,0,1,0,0,0,0,0,0,0,0,0,0,0,0,0,0,0,0,0
Inis,4,14,2,60,90,2016,7.83352,2.9714,220,2645,1,"Area Control / Area Influence,Area Movement,Card Drafting,Deck / Pool Building,Hand Management,Memory,Tile Placement",0,0,1,0,1,0,0,1,0,1,0,0,1,0,0,0,0,0,0,0,1,0,0,0,0,0,0,0,0,0,0,0,0,1,0,0,0,0,0,0,0,0,0,0,1,0,0,0,0,0,0,0,0,0,0,0,1,0,0,0,0,1,0,0,0,0,0,0,0,0,0,0,0,0
Five Tribes,4,13,2,40,80,2014,7.83284,2.8921,46,17225,0.25,"Area Control / Area Influence,M:Business,Modular Board,Set Collection,Variable Phase Order",0,0,1,0,0,0,0,0,0,0,0,0,0,0,0,1,0,0,0,0,0,1,0,0,0,0,0,0,0,0,1,0,0,0,0,1,0,0,0,0,0,0,0,0,0,0,0,0,0,0,0,0,0,0,1,0,0,0,0,0,0,1,0,1,0,0,0,0,0,0,0,0,0,0
Fields of Arle,2,13,1,60,120,2014,8.21353,3.9079,54,3492,0.5,"Worker Placement",0,0,0,0,0,0,0,0,0,0,0,0,0,0,0,0,0,0,0,0,0,0,0,0,0,0,0,0,0,0,0,0,0,0,0,0,0,0,1,0,0,0,0,0,0,0,0,0,0,1,0,0,0,0,0,0,0,0,0,0,0,0,1,0,0,0,0,0,0,0,0,0,0,0
Pandemic Legacy: Season 1,4,13,2,60,60,2015,8.66878,2.8026,1,17251,1,"Action Point Allowance System,M:Co-op,Hand Management,Point to Point Movement,Set Collection,Trading,Variable Player Powers",0,1,0,0,0,0,0,0,0,0,0,0,1,0,0,0,1,0,0,0,0,0,0,0,0,1,0,0,0,0,1,0,0,0,1,0,1,0,0,0,0,0,0,0,0,0,0,0,0,0,0,0,0,0,0,0,0,0,0,0,0,0,1,1,0,0,0,0,0,0,0,0,0,0
Alchemists,4,13,2,120,120,2014,7.76941,3.787,73,9803,0.75,"Action Point Allowance System,Card Drafting,Hand Management,Worker Placement",0,1,0,0,0,0,0,1,0,0,0,0,1,0,0,0,0,0,0,0,0,0,0,0,0,0,0,0,0,0,0,0,0,0,0,0,0,0,1,0,0,0,0,0,0,0,0,0,0,0,0,0,0,0,1,0,0,0,0,1,0,0,0,0,0,0,0,0,0,0,0,0,0,0
Trickerion: Legends of Illusion,4,14,2,60,120,2015,7.85852,4.023,190,2537,0.75,"Action Point Allowance System,Simultaneous Action Selection,Tile Placement,Worker Placement",0,1,0,0,0,0,0,0,0,0,0,0,0,0,0,0,0,0,0,0,0,0,0,0,0,0,0,0,0,0,0,0,1,1,0,0,0,0,1,0,0,0,0,0,0,0,0,0,0,0,0,0,0,0,0,0,0,0,0,0,0,0,0,0,0,0,0,0,0,0,0,0,0,0
Patchwork,2,8,2,15,30,2014,7.83164,1.7131,43,18379,0.25,"Tile Placement,Time Track",0,0,0,0,0,0,0,0,0,0,0,0,0,0,0,0,0,0,0,0,0,0,0,0,0,0,0,0,0,0,0,0,0,1,0,0,0,0,0,1,0,0,0,0,0,0,0,0,0,0,0,0,0,0,0,0,0,0,0,1,0,0,0,0,0,0,0,0,0,0,0,0,0,0
Star Wars: Armada,2,14,2,120,120,2015,8.01435,3.0838,156,2698,1,"Action / Movement Programming,Dice Rolling,Variable Player Powers",1,0,0,0,0,0,0,0,0,0,1,0,0,0,0,0,0,0,0,0,0,0,0,0,0,0,0,0,0,0,0,0,0,0,0,0,1,0,0,0,0,0,0,0,0,0,1,0,0,0,0,0,1,0,0,0,0,0,0,0,0,0,0,0,0,0,0,1,0,0,0,0,1,0
Star Wars: Imperial Assault,5,14,2,60,120,2014,8.2048,3.2686,18,11017,1,"Dice Rolling,Grid Movement,Modular Board,M:Co-op,M:Social,Variable Player Powers",0,0,0,0,0,0,0,0,0,0,1,1,0,0,0,0,1,0,0,1,0,1,0,0,0,0,0,0,0,0,0,0,0,0,0,0,1,0,0,0,0,1,0,0,0,0,1,0,0,0,0,0,1,0,0,1,0,0,0,0,0,0,0,0,0,0,0,1,0,0,0,0,1,0
Terraforming Mars,5,12,1,90,120,2016,8.38065,3.2381,9,8126,0.75,"Card Drafting,Hand Management,Tile Placement,Variable Player Powers",0,0,0,0,0,0,0,1,0,0,0,0,1,0,0,0,0,0,0,0,0,0,0,0,0,0,0,0,0,0,0,0,0,1,0,0,1,0,0,0,0,0,0,1,0,0,0,0,0,1,0,0,0,0,0,0,0,0,0,0,0,0,1,0,0,0,0,1,0,0,0,0,0,0
Scythe,5,14,1,90,115,2016,8.33346,3.3189,7,14817,0.75,"Area Control / Area Influence,Grid Movement,Variable Player Powers",0,0,1,0,0,0,0,0,0,0,0,1,0,0,0,0,0,0,0,0,0,0,0,0,0,0,0,0,0,0,0,0,0,0,0,0,1,0,0,0,0,0,0,1,0,0,0,0,0,1,0,0,0,0,0,1,0,0,0,0,0,0,0,0,0,0,0,1,0,1,0,0,0,0
Blood Rage,4,14,2,60,90,2015,8.1584,2.9022,17,13352,0.75,"Action Point Allowance System,Area Control / Area Influence,Area Movement,Card Drafting,Hand Management,Memory,Simultaneous Action Selection",0,1,1,0,1,0,0,1,0,0,0,0,1,0,0,0,0,0,0,0,1,0,0,0,0,0,0,0,0,0,0,0,1,0,0,0,0,0,0,0,0,0,0,0,0,0,1,0,0,0,0,0,0,0,1,1,0,0,0,0,0,1,0,0,0,0,0,0,0,0,0,0,0,0
Captain Sonar,8,14,2,45,60,2016,7.84962,2.0597,121,3927,0.25,"Grid Movement,Line Drawing,M:Co-op,M:Social,Secret Unit Deployment,Simultaneous Action Selection",0,0,0,0,0,0,0,0,0,0,0,1,0,0,1,0,1,0,0,1,0,0,0,0,0,0,0,0,0,1,0,0,1,0,0,0,0,0,0,0,0,0,0,0,0,0,0,0,0,0,0,0,0,0,0,1,0,0,0,1,0,0,0,0,0,0,1,0,0,0,0,0,1,0
The Voyages of Marco Polo,4,12,2,40,100,2015,7.98521,3.1815,39,9027,0.25,"Card Drafting,Dice Rolling,Point to Point Movement,Set Collection,Variable Player Powers,Worker Placement",0,0,0,0,0,0,0,1,0,0,1,0,0,0,0,0,0,0,0,0,0,0,0,0,0,1,0,0,0,0,1,0,0,0,0,0,1,0,1,0,0,1,0,0,0,0,0,0,1,1,0,0,0,0,0,0,1,0,0,0,0,0,0,0,0,0,0,0,0,0,0,0,0,0
Mombasa,4,12,2,75,150,2015,8.00391,3.8571,61,4874,0.25,"Action / Movement Programming,Area Control / Area Influence,Card Drafting,Deck / Pool Building,Hand Management,Simultaneous Action Selection,M:Business,Variable Player Powers,Worker Placement",1,0,1,0,0,0,0,1,0,1,0,0,1,0,0,1,0,0,0,0,0,0,0,0,0,0,0,0,0,0,0,0,1,0,0,0,1,0,1,0,0,0,0,0,0,0,0,0,0,1,0,0,0,0,0,0,0,0,0,0,0,0,0,0,0,0,0,0,0,0,0,0,0,0
7 Wonders Duel,2,10,2,30,30,2015,8.1939,2.2463,8,20088,0.25,"Card Drafting,Set Collection",0,0,0,0,0,0,0,1,0,0,0,0,0,0,0,0,0,0,0,0,0,0,0,0,0,0,0,0,0,0,1,0,0,0,0,0,0,0,0,0,0,0,0,1,1,0,0,0,0,0,0,0,0,0,0,0,1,0,0,0,0,0,0,0,0,0,0,0,0,1,0,0,0,0
Gloomhaven,4,12,1,90,150,2017,9.13573,3.7027,6,3503,1,"Action / Movement Programming,Campaign / Battle Card Driven,M:Co-op,Grid Movement,Hand Management,Modular Board,Simultaneous Action Selection,M:Social,Variable Player Powers",1,0,0,0,0,0,1,0,0,0,0,1,1,0,0,0,1,0,0,1,0,1,0,0,0,0,0,0,0,0,0,0,1,0,0,0,1,0,0,0,0,1,0,0,0,0,1,0,0,1,0,0,0,1,1,1,0,0,0,0,0,0,0,0,0,0,0,0,0,0,0,0,0,0
Forbidden Stars,4,14,2,120,180,2015,8.06745,3.7383,82,3764,1,"Area Control / Area Influence,Dice Rolling,Hand Management,Modular Board,Variable Player Powers",0,0,1,0,0,0,0,0,0,0,1,0,1,0,0,0,0,0,0,0,0,1,0,0,0,0,0,0,0,0,0,0,0,0,0,0,1,0,0,0,0,0,0,0,0,0,1,0,1,0,0,0,0,0,0,1,0,0,0,0,0,0,0,0,0,0,0,1,1,0,0,0,1,0
Food Chain Magnate,5,14,2,120,240,2015,8.28208,4.1848,25,4965,0.5,"Modular Board,M:Route Games,Simultaneous Action Selection",0,0,0,0,0,0,0,0,0,0,0,0,0,0,0,0,0,0,1,0,0,1,0,0,0,0,0,0,0,0,0,0,1,0,0,0,0,0,0,0,0,0,0,0,0,0,0,0,0,1,0,0,0,0,0,0,0,0,0,0,0,0,0,0,0,0,0,0,0,0,0,0,0,0
Zombicide: Black Plague,6,10,1,60,180,2015,7.97598,2.5959,97,4545,0.5,"M:Co-op,Dice Rolling,Modular Board,Variable Player Powers",0,0,0,0,0,0,0,0,0,0,1,0,0,0,0,0,1,0,0,0,0,1,0,0,0,0,0,0,0,0,0,0,0,0,0,0,1,0,0,0,0,1,0,0,0,0,1,0,0,0,0,0,0,0,1,1,1,1,0,0,0,0,0,0,0,0,0,0,0,0,0,0,0,0
A Feast for Odin,4,12,1,30,120,2016,8.2979,3.8151,49,3691,0.75,"Area Enclosure,Dice Rolling,M:Pattern Games,Press Your Luck,Tile Placement,Worker Placement",0,0,0,1,0,0,0,0,0,0,1,0,0,0,0,0,0,1,0,0,0,0,0,0,0,0,1,0,0,0,0,0,0,1,0,0,0,0,1,0,0,0,0,0,0,0,0,0,0,1,0,0,0,0,0,0,1,0,0,1,0,0,0,0,0,0,0,0,0,0,0,0,0,0
Codenames,8,14,2,15,15,2015,7.90348,1.3734,29,29622,0,"Memory,M:Co-op,M:Pattern Games,Press Your Luck",0,0,0,0,0,0,0,0,0,0,0,0,0,0,0,0,1,1,0,0,1,0,0,0,0,0,1,0,0,0,0,0,0,0,0,0,0,0,0,0,0,0,0,0,1,0,0,1,0,0,0,0,0,0,0,0,0,0,0,1,0,0,0,0,1,0,0,0,0,0,0,0,0,1
Fury of Dracula (third edition),5,14,2,120,180,2015,7.72467,3.15,148,4446,1,"M:Co-op,Point to Point Movement,Secret Unit Deployment,Variable Player Powers",0,0,0,0,0,0,0,0,0,0,0,0,0,0,0,0,1,0,0,0,0,0,0,0,0,1,0,0,0,1,0,0,0,0,0,0,1,0,0,0,0,1,0,0,0,0,0,0,0,0,0,0,1,0,0,1,0,1,0,1,0,0,0,0,0,0,0,0,0,0,0,0,0,0
Through the Ages: A New Story of Civilization,4,14,2,180,240,2015,8.74235,4.3056,2,6888,1,"Action Point Allowance System,M:Business,Card Drafting,Hand Management",0,1,0,0,0,0,0,1,0,0,0,0,1,0,0,1,0,0,0,0,0,0,0,0,0,0,0,0,0,0,0,0,0,0,0,0,0,0,0,0,0,0,0,0,1,0,0,0,0,1,0,0,0,0,0,0,0,0,0,0,0,0,0,0,0,0,0,0,0,1,0,0,0,0
Grand Austria Hotel,4,12,2,60,120,2015,7.77102,3.2365,139,3780,0.25,"Dice Rolling,Set Collection",0,0,0,0,0,0,0,0,0,0,1,0,0,0,0,0,0,0,0,0,0,0,0,0,0,0,0,0,0,0,1,0,0,0,0,0,0,0,0,0,0,0,0,0,0,0,0,0,0,1,0,0,0,0,0,0,0,0,0,0,0,0,0,0,0,0,0,0,0,0,0,0,0,0
Viticulture Essential Edition,6,13,1,90,90,2015,8.20053,2.9682,34,5048,0.75,"Hand Management,Variable Phase Order,Worker Placement",0,0,0,0,0,0,0,0,0,0,0,0,1,0,0,0,0,0,0,0,0,0,0,0,0,0,0,0,0,0,0,0,0,0,0,1,0,0,1,0,0,0,0,0,0,0,0,0,0,1,0,0,0,0,0,0,0,0,0,0,0,0,1,0,0,0,0,0,0,0,0,0,0,0
Star Wars: Rebellion,4,14,2,180,240,2016,8.54484,3.5685,5,8142,1,"Area Control / Area Influence,Area Movement,Dice Rolling,Hand Management",0,0,1,0,1,0,0,0,0,0,1,0,1,0,0,0,0,0,0,0,0,0,0,0,0,0,0,0,0,0,0,0,0,0,0,0,0,0,0,0,0,0,0,0,0,0,0,0,1,0,0,0,1,0,0,1,0,0,0,0,0,0,0,0,0,0,0,1,0,0,0,0,1,0
Sushi Go Party!,8,8,2,20,20,2016,7.73132,1.2778,164,3711,0.5,"Card Drafting,Hand Management,Set Collection,Simultaneous Action Selection",0,0,0,0,0,0,0,1,0,0,0,0,1,0,0,0,0,0,0,0,0,0,0,0,0,0,0,0,0,0,1,0,1,0,0,0,0,0,0,0,0,0,0,0,1,0,0,0,0,0,0,0,0,0,0,0,0,0,0,0,0,0,0,0,0,0,0,0,0,0,0,0,0,0
Great Western Trail,4,12,2,75,150,2016,8.26775,3.7462,32,4782,0.25,"Deck / Pool Building,Hand Management,Point to Point Movement,Tile Placement",0,0,0,0,0,0,0,0,0,1,0,0,1,0,0,0,0,0,0,0,0,0,0,0,0,1,0,0,0,0,0,0,0,1,0,0,0,0,0,0,0,0,0,0,0,0,0,0,0,0,0,0,0,0,0,0,0,0,0,0,0,0,0,1,0,0,0,0,0,0,0,0,0,0
Santorini,4,8,2,20,20,2016,8.08233,1.8,65,4444,0.25,"Grid Movement,Tile Placement,Variable Player Powers",0,0,0,0,0,0,0,0,0,0,0,1,0,0,0,0,0,0,0,0,0,0,0,0,0,0,0,0,0,0,0,0,0,1,0,0,1,0,0,1,0,0,0,0,0,0,0,0,0,0,0,0,0,0,0,0,1,0,0,0,0,1,0,0,0,0,0,0,0,0,0,0,0,0
Clank!: A Deck-Building Adventure,4,12,1,30,60,2016,8.04285,2.2545,110,3197,0.75,"Deck / Pool Building,Player Elimination,Point to Point Movement,Press Your Luck",0,0,0,0,0,0,0,0,0,1,0,0,0,0,0,0,0,0,0,0,0,0,0,0,1,1,1,0,0,0,0,0,0,0,0,0,0,0,0,0,0,1,0,0,0,0,0,0,0,0,0,0,0,0,1,0,0,0,0,0,0,0,0,0,0,0,0,0,0,0,0,0,0,0
Mansions of Madness: Second Edition,5,14,1,120,180,2016,8.3166,2.6423,21,6245,1,"Area Movement,M:Co-op,Dice Rolling,Hand Management,Modular Board,M:Co-op,Pick-up and Deliver,M:Social,Variable Player Powers",0,0,0,0,1,0,0,0,0,0,1,0,1,0,0,0,1,0,0,1,0,1,0,1,0,0,0,0,0,0,0,0,0,0,0,0,1,0,0,0,0,1,0,0,0,0,1,1,0,0,0,0,0,1,1,1,0,1,0,1,0,0,0,0,0,0,0,0,0,0,0,0,0,0
Arkham Horror: The Card Game,2,14,1,60,120,2016,8.42193,3.0559,26,4998,1,"Action Point Allowance System,M:Co-op,Deck / Pool Building,Hand Management,M:Social,Variable Player Powers",0,1,0,0,0,0,0,0,0,1,0,0,1,0,0,0,1,0,0,1,0,0,0,0,0,0,0,0,0,0,0,0,0,0,0,0,1,0,0,0,0,1,0,0,1,0,1,0,0,0,0,0,1,0,1,0,0,1,0,0,0,0,0,0,0,0,0,0,0,0,0,0,0,0
Mechs vs. Minions,4,14,2,60,90,2016,8.37548,2.4607,23,4602,0.75,"Action / Movement Programming,Card Drafting,M:Co-op,Dice Rolling,Modular Board,Variable Player Powers",1,0,0,0,0,0,0,1,0,0,1,0,0,0,0,0,1,0,0,0,0,1,0,0,0,0,0,0,0,0,0,0,0,0,0,0,1,0,0,0,0,0,0,0,0,0,1,0,0,0,0,0,1,0,1,1,0,0,0,0,0,0,0,0,0,0,0,0,0,0,0,0,0,0
